date,price,source
2019-02-06,1.0144929885864258,Yahoo Finance
2019-02-07,1.0078120231628418,Yahoo Finance
2019-02-08,1.0157829523086548,Yahoo Finance
2019-02-09,1.0090529918670654,Yahoo Finance
2019-02-10,1.0130469799041748,Yahoo Finance
2019-02-11,1.0170520544052124,Yahoo Finance
2019-02-12,1.0210909843444824,Yahoo Finance
2019-02-13,1.015125036239624,Yahoo Finance
2019-02-14,1.0127240419387817,Yahoo Finance
2019-02-15,1.0121740102767944,Yahoo Finance
2019-02-16,1.0132750272750854,Yahoo Finance
2019-02-17,1.012742042541504,Yahoo Finance
2019-02-18,1.0129209756851196,Yahoo Finance
2019-02-19,1.0129640102386475,Yahoo Finance
2019-02-20,1.0180859565734863,Yahoo Finance
2019-02-21,1.0151499509811401,Yahoo Finance
2019-02-22,1.0143840312957764,Yahoo Finance
2019-02-23,1.0101319551467896,Yahoo Finance
2019-02-24,1.0167839527130127,Yahoo Finance
2019-02-25,1.016139030456543,Yahoo Finance
2019-02-26,1.0139460563659668,Yahoo Finance
2019-02-27,1.0148229598999023,Yahoo Finance
2019-02-28,1.0147229433059692,Yahoo Finance
2019-03-01,1.0110889673233032,Yahoo Finance
2019-03-02,1.012205958366394,Yahoo Finance
2019-03-03,1.0144089460372925,Yahoo Finance
2019-03-04,1.0138460397720337,Yahoo Finance
2019-03-05,1.015887975692749,Yahoo Finance
2019-03-06,1.0134450197219849,Yahoo Finance
2019-03-07,1.013092041015625,Yahoo Finance
2019-03-08,1.0149070024490356,Yahoo Finance
2019-03-09,1.0120240449905396,Yahoo Finance
2019-03-10,1.0125839710235596,Yahoo Finance
2019-03-11,1.0134689807891846,Yahoo Finance
2019-03-12,1.0115300416946411,Yahoo Finance
2019-03-13,1.01282799243927,Yahoo Finance
2019-03-14,1.0168319940567017,Yahoo Finance
2019-03-15,1.015254020690918,Yahoo Finance
2019-03-16,1.0146280527114868,Yahoo Finance
2019-03-17,1.0144670009613037,Yahoo Finance
2019-03-18,1.0156630277633667,Yahoo Finance
2019-03-19,1.018193006515503,Yahoo Finance
2019-03-20,1.0138989686965942,Yahoo Finance
2019-03-21,1.0123590230941772,Yahoo Finance
2019-03-22,1.0092389583587646,Yahoo Finance
2019-03-23,1.0129300355911255,Yahoo Finance
2019-03-24,1.01111900806427,Yahoo Finance
2019-03-25,1.0149860382080078,Yahoo Finance
2019-03-26,1.0155309438705444,Yahoo Finance
2019-03-27,1.0162630081176758,Yahoo Finance
2019-03-28,1.014307975769043,Yahoo Finance
2019-03-29,1.0021870136260986,Yahoo Finance
2019-03-30,1.0031219720840454,Yahoo Finance
2019-03-31,1.0017050504684448,Yahoo Finance
2019-04-01,1.0038429498672485,Yahoo Finance
2019-04-02,0.9980679750442505,Yahoo Finance
2019-04-03,0.9982560276985168,Yahoo Finance
2019-04-04,1.002431035041809,Yahoo Finance
2019-04-05,1.0000449419021606,Yahoo Finance
2019-04-06,1.00216805934906,Yahoo Finance
2019-04-07,1.0030900239944458,Yahoo Finance
2019-04-08,0.9989590048789978,Yahoo Finance
2019-04-09,0.9993559718132019,Yahoo Finance
2019-04-10,1.0007950067520142,Yahoo Finance
2019-04-11,0.9999790191650391,Yahoo Finance
2019-04-12,0.9998229742050171,Yahoo Finance
2019-04-13,1.0011910200119019,Yahoo Finance
2019-04-14,0.9998970031738281,Yahoo Finance
2019-04-15,1.0007649660110474,Yahoo Finance
2019-04-16,1.004140019416809,Yahoo Finance
2019-04-17,1.0003629922866821,Yahoo Finance
2019-04-18,1.0002609491348267,Yahoo Finance
2019-04-19,1.0012270212173462,Yahoo Finance
2019-04-20,1.002195954322815,Yahoo Finance
2019-04-21,1.0003670454025269,Yahoo Finance
2019-04-22,1.0002219676971436,Yahoo Finance
2019-04-23,1.001507043838501,Yahoo Finance
2019-04-24,1.001541018486023,Yahoo Finance
2019-04-25,1.008146047592163,Yahoo Finance
2019-04-26,1.0207970142364502,Yahoo Finance
2019-04-27,1.0172770023345947,Yahoo Finance
2019-04-28,1.0207220315933228,Yahoo Finance
2019-04-29,1.0182349681854248,Yahoo Finance
2019-04-30,1.0138590335845947,Yahoo Finance
2019-05-01,1.0132839679718018,Yahoo Finance
2019-05-02,1.0178200006484985,Yahoo Finance
2019-05-03,1.017976999282837,Yahoo Finance
2019-05-04,1.0101649761199951,Yahoo Finance
2019-05-05,1.009714961051941,Yahoo Finance
2019-05-06,1.0081700086593628,Yahoo Finance
2019-05-07,1.0155290365219116,Yahoo Finance
2019-05-08,1.0125629901885986,Yahoo Finance
2019-05-09,1.0063680410385132,Yahoo Finance
2019-05-10,1.005700945854187,Yahoo Finance
2019-05-11,0.9920349717140198,Yahoo Finance
2019-05-12,1.000133991241455,Yahoo Finance
2019-05-13,1.0006710290908813,Yahoo Finance
2019-05-14,0.9938989877700806,Yahoo Finance
2019-05-15,0.996645987033844,Yahoo Finance
2019-05-16,0.9961259961128235,Yahoo Finance
2019-05-17,0.9942169785499573,Yahoo Finance
2019-05-18,0.9937670230865479,Yahoo Finance
2019-05-19,1.0014090538024902,Yahoo Finance
2019-05-20,0.9954890012741089,Yahoo Finance
2019-05-21,0.9959930181503296,Yahoo Finance
2019-05-22,1.0013010501861572,Yahoo Finance
2019-05-23,0.9991350173950195,Yahoo Finance
2019-05-24,0.9986429810523987,Yahoo Finance
2019-05-25,0.9955379962921143,Yahoo Finance
2019-05-26,0.9947850108146667,Yahoo Finance
2019-05-27,0.9988020062446594,Yahoo Finance
2019-05-28,0.9995800256729126,Yahoo Finance
2019-05-29,0.9985030293464661,Yahoo Finance
2019-05-30,0.9997230172157288,Yahoo Finance
2019-05-31,1.0000369548797607,Yahoo Finance
2019-06-01,0.9970420002937317,Yahoo Finance
2019-06-02,0.9981160163879395,Yahoo Finance
2019-06-03,1.0028660297393799,Yahoo Finance
2019-06-04,1.0014840364456177,Yahoo Finance
2019-06-05,0.9973620176315308,Yahoo Finance
2019-06-06,0.9987760186195374,Yahoo Finance
2019-06-07,0.9984890222549438,Yahoo Finance
2019-06-08,1.0000510215759277,Yahoo Finance
2019-06-09,1.0012539625167847,Yahoo Finance
2019-06-10,0.9993870258331299,Yahoo Finance
2019-06-11,0.9977449774742126,Yahoo Finance
2019-06-12,0.995826005935669,Yahoo Finance
2019-06-13,0.9963420033454895,Yahoo Finance
2019-06-14,1.0000640153884888,Yahoo Finance
2019-06-15,0.9984359741210938,Yahoo Finance
2019-06-16,0.9989749789237976,Yahoo Finance
2019-06-17,0.9994069933891296,Yahoo Finance
2019-06-18,0.9980670213699341,Yahoo Finance
2019-06-19,0.9989669919013977,Yahoo Finance
2019-06-20,0.9965789914131165,Yahoo Finance
2019-06-21,0.9980760216712952,Yahoo Finance
2019-06-22,0.9958860278129578,Yahoo Finance
2019-06-23,1.0017030239105225,Yahoo Finance
2019-06-24,0.9963600039482117,Yahoo Finance
2019-06-25,0.9982100129127502,Yahoo Finance
2019-06-26,0.9993590116500854,Yahoo Finance
2019-06-27,0.9989830255508423,Yahoo Finance
2019-06-28,1.0005559921264648,Yahoo Finance
2019-06-29,0.99822998046875,Yahoo Finance
2019-06-30,0.9998859763145447,Yahoo Finance
2019-07-01,0.9975200295448303,Yahoo Finance
2019-07-02,0.9992690086364746,Yahoo Finance
2019-07-03,1.0003139972686768,Yahoo Finance
2019-07-04,0.9997869729995728,Yahoo Finance
2019-07-05,0.9958549737930298,Yahoo Finance
2019-07-06,0.9965630173683167,Yahoo Finance
2019-07-07,0.9962300062179565,Yahoo Finance
2019-07-08,0.9974210262298584,Yahoo Finance
2019-07-09,0.9983530044555664,Yahoo Finance
2019-07-10,0.9996520280838013,Yahoo Finance
2019-07-11,0.9998160004615784,Yahoo Finance
2019-07-12,0.9990479946136475,Yahoo Finance
2019-07-13,1.0035760402679443,Yahoo Finance
2019-07-14,0.994143009185791,Yahoo Finance
2019-07-15,0.9978179931640625,Yahoo Finance
2019-07-16,0.9987519979476929,Yahoo Finance
2019-07-17,0.998540997505188,Yahoo Finance
2019-07-18,0.9940090179443359,Yahoo Finance
2019-07-19,0.9992629885673523,Yahoo Finance
2019-07-20,1.000520944595337,Yahoo Finance
2019-07-21,0.9998670220375061,Yahoo Finance
2019-07-22,1.0019680261611938,Yahoo Finance
2019-07-23,0.999871015548706,Yahoo Finance
2019-07-24,1.0019210577011108,Yahoo Finance
2019-07-25,1.002959966659546,Yahoo Finance
2019-07-26,1.0035370588302612,Yahoo Finance
2019-07-27,1.0002609491348267,Yahoo Finance
2019-07-28,1.0039550065994263,Yahoo Finance
2019-07-29,1.002912998199463,Yahoo Finance
2019-07-30,1.0011539459228516,Yahoo Finance
2019-07-31,1.0052950382232666,Yahoo Finance
2019-08-01,1.0026190280914307,Yahoo Finance
2019-08-02,1.0027190446853638,Yahoo Finance
2019-08-03,1.0059130191802979,Yahoo Finance
2019-08-04,1.002694010734558,Yahoo Finance
2019-08-05,1.0047119855880737,Yahoo Finance
2019-08-06,1.0107940435409546,Yahoo Finance
2019-08-07,1.0000289678573608,Yahoo Finance
2019-08-08,0.9942039847373962,Yahoo Finance
2019-08-09,0.9993320107460022,Yahoo Finance
2019-08-10,0.9972190260887146,Yahoo Finance
2019-08-11,0.992106020450592,Yahoo Finance
2019-08-12,1.0002909898757935,Yahoo Finance
2019-08-13,0.9903630018234253,Yahoo Finance
2019-08-14,1.0028729438781738,Yahoo Finance
2019-08-15,1.0031110048294067,Yahoo Finance
2019-08-16,1.0014530420303345,Yahoo Finance
2019-08-17,0.9960100054740906,Yahoo Finance
2019-08-18,1.0154969692230225,Yahoo Finance
2019-08-19,1.0044690370559692,Yahoo Finance
2019-08-20,1.0003520250320435,Yahoo Finance
2019-08-21,1.0086469650268555,Yahoo Finance
2019-08-22,1.0010520219802856,Yahoo Finance
2019-08-23,1.00062096118927,Yahoo Finance
2019-08-24,1.0019090175628662,Yahoo Finance
2019-08-25,0.9884340167045593,Yahoo Finance
2019-08-26,0.9972429871559143,Yahoo Finance
2019-08-27,1.0000170469284058,Yahoo Finance
2019-08-28,1.0005860328674316,Yahoo Finance
2019-08-29,0.9991059899330139,Yahoo Finance
2019-08-30,0.9973260164260864,Yahoo Finance
2019-08-31,0.9990209937095642,Yahoo Finance
2019-09-01,1.0081449747085571,Yahoo Finance
2019-09-02,0.9972280263900757,Yahoo Finance
2019-09-03,0.9968839883804321,Yahoo Finance
2019-09-04,0.9932550191879272,Yahoo Finance
2019-09-05,1.0173020362854004,Yahoo Finance
2019-09-06,1.0007309913635254,Yahoo Finance
2019-09-07,0.9997559785842896,Yahoo Finance
2019-09-08,1.0007669925689697,Yahoo Finance
2019-09-09,0.9950159788131714,Yahoo Finance
2019-09-10,0.9967610239982605,Yahoo Finance
2019-09-11,1.0035799741744995,Yahoo Finance
2019-09-12,1.0256919860839844,Yahoo Finance
2019-09-13,1.0016789436340332,Yahoo Finance
2019-09-14,1.0076580047607422,Yahoo Finance
2019-09-15,1.0027799606323242,Yahoo Finance
2019-09-16,1.0028719902038574,Yahoo Finance
2019-09-17,1.014449954032898,Yahoo Finance
2019-09-18,0.9983819723129272,Yahoo Finance
2019-09-19,0.9999790191650391,Yahoo Finance
2019-09-20,0.9983410239219666,Yahoo Finance
2019-09-21,0.9873520135879517,Yahoo Finance
2019-09-22,1.0031180381774902,Yahoo Finance
2019-09-23,1.0046379566192627,Yahoo Finance
2019-09-24,1.0018049478530884,Yahoo Finance
2019-09-25,1.0084680318832397,Yahoo Finance
2019-09-26,1.0035450458526611,Yahoo Finance
2019-09-27,1.009732961654663,Yahoo Finance
2019-09-28,1.0160950422286987,Yahoo Finance
2019-09-29,0.9978640079498291,Yahoo Finance
2019-09-30,1.0035899877548218,Yahoo Finance
2019-10-01,1.0043959617614746,Yahoo Finance
2019-10-02,1.0064849853515625,Yahoo Finance
2019-10-03,0.9864720106124878,Yahoo Finance
2019-10-04,0.9801260232925415,Yahoo Finance
2019-10-05,0.9783220291137695,Yahoo Finance
2019-10-06,1.01078200340271,Yahoo Finance
2019-10-07,0.9987649917602539,Yahoo Finance
2019-10-08,1.003620982170105,Yahoo Finance
2019-10-09,0.9988589882850647,Yahoo Finance
2019-10-10,0.9967510104179382,Yahoo Finance
2019-10-11,0.9967960119247437,Yahoo Finance
2019-10-12,0.9897140264511108,Yahoo Finance
2019-10-13,0.9997209906578064,Yahoo Finance
2019-10-14,1.0015690326690674,Yahoo Finance
2019-10-15,1.0027559995651245,Yahoo Finance
2019-10-16,1.0008989572525024,Yahoo Finance
2019-10-17,0.9972569942474365,Yahoo Finance
2019-10-18,1.0074429512023926,Yahoo Finance
2019-10-19,1.001567006111145,Yahoo Finance
2019-10-20,0.9980790019035339,Yahoo Finance
2019-10-21,0.9947749972343445,Yahoo Finance
2019-10-22,0.9962970018386841,Yahoo Finance
2019-10-23,0.9989529848098755,Yahoo Finance
2019-10-24,1.0029040575027466,Yahoo Finance
2019-10-25,1.0074690580368042,Yahoo Finance
2019-10-26,0.9991850256919861,Yahoo Finance
2019-10-27,0.9992480278015137,Yahoo Finance
2019-10-28,0.9995949864387512,Yahoo Finance
2019-10-29,0.998320996761322,Yahoo Finance
2019-10-30,1.0022059679031372,Yahoo Finance
2019-10-31,1.0051120519638062,Yahoo Finance
2019-11-01,0.998852014541626,Yahoo Finance
2019-11-02,1.0012520551681519,Yahoo Finance
2019-11-03,1.0029070377349854,Yahoo Finance
2019-11-04,1.0015289783477783,Yahoo Finance
2019-11-05,1.0008180141448975,Yahoo Finance
2019-11-06,1.000864028930664,Yahoo Finance
2019-11-07,1.0054609775543213,Yahoo Finance
2019-11-08,1.0015209913253784,Yahoo Finance
2019-11-09,1.0084270238876343,Yahoo Finance
2019-11-10,0.9967190027236938,Yahoo Finance
2019-11-11,0.997527003288269,Yahoo Finance
2019-11-12,1.0058449506759644,Yahoo Finance
2019-11-13,1.0542540550231934,Yahoo Finance
2019-11-14,1.0136710405349731,Yahoo Finance
2019-11-15,1.0171029567718506,Yahoo Finance
2019-11-16,1.014477014541626,Yahoo Finance
2019-11-17,0.999364972114563,Yahoo Finance
2019-11-18,1.0125410556793213,Yahoo Finance
2019-11-19,1.0061639547348022,Yahoo Finance
2019-11-20,0.999638020992279,Yahoo Finance
2019-11-21,1.001343011856079,Yahoo Finance
2019-11-22,1.0031989812850952,Yahoo Finance
2019-11-23,1.008347988128662,Yahoo Finance
2019-11-24,1.0047179460525513,Yahoo Finance
2019-11-25,0.9914739727973938,Yahoo Finance
2019-11-26,1.0012129545211792,Yahoo Finance
2019-11-27,0.9979910254478455,Yahoo Finance
2019-11-28,0.994504988193512,Yahoo Finance
2019-11-29,0.9969519972801208,Yahoo Finance
2019-11-30,0.9966480135917664,Yahoo Finance
2019-12-01,0.9971380233764648,Yahoo Finance
2019-12-02,0.9942209720611572,Yahoo Finance
2019-12-03,0.9947789907455444,Yahoo Finance
2019-12-04,1.0034610033035278,Yahoo Finance
2019-12-05,1.0055700540542603,Yahoo Finance
2019-12-06,1.0036799907684326,Yahoo Finance
2019-12-07,1.0147819519042969,Yahoo Finance
2019-12-08,1.0005860328674316,Yahoo Finance
2019-12-09,1.0062370300292969,Yahoo Finance
2019-12-10,1.0120450258255005,Yahoo Finance
2019-12-11,1.007174015045166,Yahoo Finance
2019-12-12,1.0084819793701172,Yahoo Finance
2019-12-13,1.0033930540084839,Yahoo Finance
2019-12-14,1.0079870223999023,Yahoo Finance
2019-12-15,1.004472017288208,Yahoo Finance
2019-12-16,1.0035120248794556,Yahoo Finance
2019-12-17,0.9948269724845886,Yahoo Finance
2019-12-18,1.0024739503860474,Yahoo Finance
2019-12-19,1.0045380592346191,Yahoo Finance
2019-12-20,1.005213975906372,Yahoo Finance
2019-12-21,1.0112190246582031,Yahoo Finance
2019-12-22,0.9998369812965393,Yahoo Finance
2019-12-23,1.006701946258545,Yahoo Finance
2019-12-24,1.0120140314102173,Yahoo Finance
2019-12-25,1.0175509452819824,Yahoo Finance
2019-12-26,0.990818977355957,Yahoo Finance
2019-12-27,1.0071799755096436,Yahoo Finance
2019-12-28,0.9958630204200745,Yahoo Finance
2019-12-29,1.0021530389785767,Yahoo Finance
2019-12-30,1.006397008895874,Yahoo Finance
2019-12-31,1.0055210590362549,Yahoo Finance
2020-01-01,1.0120799541473389,Yahoo Finance
2020-01-02,1.0046800374984741,Yahoo Finance
2020-01-03,1.0106350183486938,Yahoo Finance
2020-01-04,1.0115300416946411,Yahoo Finance
2020-01-05,1.005972981452942,Yahoo Finance
2020-01-06,0.9989799857139587,Yahoo Finance
2020-01-07,0.9996960163116455,Yahoo Finance
2020-01-08,1.0071280002593994,Yahoo Finance
2020-01-09,1.0071120262145996,Yahoo Finance
2020-01-10,0.999305009841919,Yahoo Finance
2020-01-11,1.0013560056686401,Yahoo Finance
2020-01-12,1.0024559497833252,Yahoo Finance
2020-01-13,1.0046240091323853,Yahoo Finance
2020-01-14,1.0007070302963257,Yahoo Finance
2020-01-15,0.9997450113296509,Yahoo Finance
2020-01-16,1.0006829500198364,Yahoo Finance
2020-01-17,1.000072956085205,Yahoo Finance
2020-01-18,0.9995250105857849,Yahoo Finance
2020-01-19,0.9999920129776001,Yahoo Finance
2020-01-20,0.9990410208702087,Yahoo Finance
2020-01-21,1.0007940530776978,Yahoo Finance
2020-01-22,1.0019010305404663,Yahoo Finance
2020-01-23,1.006701946258545,Yahoo Finance
2020-01-24,1.02162504196167,Yahoo Finance
2020-01-25,1.0015770196914673,Yahoo Finance
2020-01-26,1.0027650594711304,Yahoo Finance
2020-01-27,0.9993069767951965,Yahoo Finance
2020-01-28,0.9980649948120117,Yahoo Finance
2020-01-29,1.0007380247116089,Yahoo Finance
2020-01-30,1.0038269758224487,Yahoo Finance
2020-01-31,1.0011980533599854,Yahoo Finance
2020-02-01,1.0015809535980225,Yahoo Finance
2020-02-02,1.001431941986084,Yahoo Finance
2020-02-03,1.0029109716415405,Yahoo Finance
2020-02-04,1.0023030042648315,Yahoo Finance
2020-02-05,1.0003060102462769,Yahoo Finance
2020-02-06,0.9970740079879761,Yahoo Finance
2020-02-07,0.9989969730377197,Yahoo Finance
2020-02-08,0.994500994682312,Yahoo Finance
2020-02-09,0.9976909756660461,Yahoo Finance
2020-02-10,0.9977440237998962,Yahoo Finance
2020-02-11,1.0001389980316162,Yahoo Finance
2020-02-12,1.0145039558410645,Yahoo Finance
2020-02-13,1.0045620203018188,Yahoo Finance
2020-02-14,1.002892017364502,Yahoo Finance
2020-02-15,1.0011850595474243,Yahoo Finance
2020-02-16,0.9991970062255859,Yahoo Finance
2020-02-17,1.0055969953536987,Yahoo Finance
2020-02-18,1.0069689750671387,Yahoo Finance
2020-02-19,1.0033320188522339,Yahoo Finance
2020-02-20,0.9980980157852173,Yahoo Finance
2020-02-21,0.9538329839706421,Yahoo Finance
2020-02-22,0.9617859721183777,Yahoo Finance
2020-02-23,0.969763994216919,Yahoo Finance
2020-02-24,0.9538829922676086,Yahoo Finance
2020-02-25,0.9398170113563538,Yahoo Finance
2020-02-26,0.8738219738006592,Yahoo Finance
2020-02-27,0.9076539874076843,Yahoo Finance
2020-02-28,0.9474719762802124,Yahoo Finance
2020-02-29,0.9331949949264526,Yahoo Finance
2020-03-01,0.9473890066146851,Yahoo Finance
2020-03-02,0.9245889782905579,Yahoo Finance
2020-03-03,0.9118099808692932,Yahoo Finance
2020-03-04,0.9829450249671936,Yahoo Finance
2020-03-05,0.9773610234260559,Yahoo Finance
2020-03-06,0.9234139919281006,Yahoo Finance
2020-03-07,0.9211440086364746,Yahoo Finance
2020-03-08,0.9049729704856873,Yahoo Finance
2020-03-09,0.9244530200958252,Yahoo Finance
2020-03-10,0.8774020075798035,Yahoo Finance
2020-03-11,0.8934890031814575,Yahoo Finance
2020-03-12,0.8311700224876404,Yahoo Finance
2020-03-13,0.994396984577179,Yahoo Finance
2020-03-14,0.9855949878692627,Yahoo Finance
2020-03-15,0.98649001121521,Yahoo Finance
2020-03-16,0.9831159710884094,Yahoo Finance
2020-03-17,0.9649440050125122,Yahoo Finance
2020-03-18,0.9504150152206421,Yahoo Finance
2020-03-19,0.5442320108413696,Yahoo Finance
2020-03-20,0.9688060283660889,Yahoo Finance
2020-03-21,0.9804250001907349,Yahoo Finance
2020-03-22,0.9541829824447632,Yahoo Finance
2020-03-23,0.9648740291595459,Yahoo Finance
2020-03-24,0.9716249704360962,Yahoo Finance
2020-03-25,0.9787759780883789,Yahoo Finance
2020-03-26,0.9658960103988647,Yahoo Finance
2020-03-27,0.9682419896125793,Yahoo Finance
2020-03-28,0.9830930233001709,Yahoo Finance
2020-03-29,0.9800710082054138,Yahoo Finance
2020-03-30,0.9842929840087891,Yahoo Finance
2020-03-31,0.9699289798736572,Yahoo Finance
2020-04-01,0.9651129841804504,Yahoo Finance
2020-04-02,0.9855800271034241,Yahoo Finance
2020-04-03,0.96806401014328,Yahoo Finance
2020-04-04,0.9688370227813721,Yahoo Finance
2020-04-05,0.7781140208244324,Yahoo Finance
2020-04-06,0.9326789975166321,Yahoo Finance
2020-04-07,0.9700130224227905,Yahoo Finance
2020-04-08,0.7094659805297852,Yahoo Finance
2020-04-09,0.8717799782752991,Yahoo Finance
2020-04-10,0.9751229882240295,Yahoo Finance
2020-04-11,0.9611290097236633,Yahoo Finance
2020-04-12,0.9764900207519531,Yahoo Finance
2020-04-13,0.9694610238075256,Yahoo Finance
2020-04-14,0.9747260212898254,Yahoo Finance
2020-04-15,0.9703119993209839,Yahoo Finance
2020-04-16,0.9747170209884644,Yahoo Finance
2020-04-17,0.9745690226554871,Yahoo Finance
2020-04-18,0.9736199975013733,Yahoo Finance
2020-04-19,0.9821310043334961,Yahoo Finance
2020-04-20,0.9883610010147095,Yahoo Finance
2020-04-21,0.978888988494873,Yahoo Finance
2020-04-22,0.9615370035171509,Yahoo Finance
2020-04-23,0.9632539749145508,Yahoo Finance
2020-04-24,0.9670199751853943,Yahoo Finance
2020-04-25,0.9637359976768494,Yahoo Finance
2020-04-26,0.9527919888496399,Yahoo Finance
2020-04-27,0.953840970993042,Yahoo Finance
2020-04-28,0.9730389714241028,Yahoo Finance
2020-04-29,0.9454460144042969,Yahoo Finance
2020-04-30,0.9533339738845825,Yahoo Finance
2020-05-01,0.9546369910240173,Yahoo Finance
2020-05-02,0.9792069792747498,Yahoo Finance
2020-05-03,0.8227400183677673,Yahoo Finance
2020-05-04,0.8182700276374817,Yahoo Finance
2020-05-05,0.7655969858169556,Yahoo Finance
2020-05-06,0.7985029816627502,Yahoo Finance
2020-05-07,0.7504109740257263,Yahoo Finance
2020-05-08,0.9722219705581665,Yahoo Finance
2020-05-09,0.8335719704627991,Yahoo Finance
2020-05-10,0.9846540093421936,Yahoo Finance
2020-05-11,0.9781950116157532,Yahoo Finance
2020-05-12,0.9891660213470459,Yahoo Finance
2020-05-13,0.9466080069541931,Yahoo Finance
2020-05-14,0.9621059894561768,Yahoo Finance
2020-05-15,0.9714120030403137,Yahoo Finance
2020-05-16,0.9483590126037598,Yahoo Finance
2020-05-17,0.954820990562439,Yahoo Finance
2020-05-18,0.9609609842300415,Yahoo Finance
2020-05-19,0.9702010154724121,Yahoo Finance
2020-05-20,0.9874140024185181,Yahoo Finance
2020-05-21,0.9788479804992676,Yahoo Finance
2020-05-22,0.9855160117149353,Yahoo Finance
2020-05-23,0.9874359965324402,Yahoo Finance
2020-05-24,0.9937840104103088,Yahoo Finance
2020-05-25,0.9689319729804993,Yahoo Finance
2020-05-26,0.9773070216178894,Yahoo Finance
2020-05-27,0.9956099987030029,Yahoo Finance
2020-05-28,1.045606017112732,Yahoo Finance
2020-05-29,0.9971439838409424,Yahoo Finance
2020-05-30,1.0004019737243652,Yahoo Finance
2020-05-31,0.9766910076141357,Yahoo Finance
2020-06-01,0.9913849830627441,Yahoo Finance
2020-06-02,0.9889940023422241,Yahoo Finance
2020-06-03,1.002351999282837,Yahoo Finance
2020-06-04,0.9883210062980652,Yahoo Finance
2020-06-05,0.9965850114822388,Yahoo Finance
2020-06-06,1.0427800416946411,Yahoo Finance
2020-06-07,1.0085810422897339,Yahoo Finance
2020-06-08,1.0028610229492188,Yahoo Finance
2020-06-09,1.002297043800354,Yahoo Finance
2020-06-10,0.9978129863739014,Yahoo Finance
2020-06-11,0.9980940222740173,Yahoo Finance
2020-06-12,0.9926919937133789,Yahoo Finance
2020-06-13,1.000599980354309,Yahoo Finance
2020-06-14,0.9904230237007141,Yahoo Finance
2020-06-15,1.0616710186004639,Yahoo Finance
2020-06-16,1.0886969566345215,Yahoo Finance
2020-06-17,0.9929239749908447,Yahoo Finance
2020-06-18,0.993664026260376,Yahoo Finance
2020-06-19,0.9952769875526428,Yahoo Finance
2020-06-20,1.0122270584106445,Yahoo Finance
2020-06-21,1.0047099590301514,Yahoo Finance
2020-06-22,0.9957699775695801,Yahoo Finance
2020-06-23,1.0011229515075684,Yahoo Finance
2020-06-24,0.9918479919433594,Yahoo Finance
2020-06-25,1.0120489597320557,Yahoo Finance
2020-06-26,0.9801340103149414,Yahoo Finance
2020-06-27,0.9730790257453918,Yahoo Finance
2020-06-28,1.052122950553894,Yahoo Finance
2020-06-29,1.0525380373001099,Yahoo Finance
2020-06-30,1.079740047454834,Yahoo Finance
2020-07-01,1.0344840288162231,Yahoo Finance
2020-07-02,1.000722050666809,Yahoo Finance
2020-07-03,1.0093690156936646,Yahoo Finance
2020-07-04,0.9843180179595947,Yahoo Finance
2020-07-05,1.0087440013885498,Yahoo Finance
2020-07-06,0.9803360104560852,Yahoo Finance
2020-07-07,1.036728024482727,Yahoo Finance
2020-07-08,0.9934070110321045,Yahoo Finance
2020-07-09,0.9904299974441528,Yahoo Finance
2020-07-10,0.9754539728164673,Yahoo Finance
2020-07-11,0.9631789922714233,Yahoo Finance
2020-07-12,0.9378920197486877,Yahoo Finance
2020-07-13,0.9974709749221802,Yahoo Finance
2020-07-14,0.9713659882545471,Yahoo Finance
2020-07-15,0.9826359748840332,Yahoo Finance
2020-07-16,1.0127439498901367,Yahoo Finance
2020-07-17,0.9901880025863647,Yahoo Finance
2020-07-18,1.0467040538787842,Yahoo Finance
2020-07-19,1.0099769830703735,Yahoo Finance
2020-07-20,0.9748669862747192,Yahoo Finance
2020-07-21,1.0319880247116089,Yahoo Finance
2020-07-22,1.0221819877624512,Yahoo Finance
2020-07-23,1.0124739408493042,Yahoo Finance
2020-07-24,1.0027190446853638,Yahoo Finance
2020-07-25,1.0324050188064575,Yahoo Finance
2020-07-26,1.0989019870758057,Yahoo Finance
2020-07-27,1.1094169616699219,Yahoo Finance
2020-07-28,1.1860560178756714,Yahoo Finance
2020-07-29,1.0390939712524414,Yahoo Finance
2020-07-30,1.0352250337600708,Yahoo Finance
2020-07-31,1.0619709491729736,Yahoo Finance
2020-08-01,1.106152057647705,Yahoo Finance
2020-08-02,0.9818900227546692,Yahoo Finance
2020-08-03,1.0727269649505615,Yahoo Finance
2020-08-04,0.9857699871063232,Yahoo Finance
2020-08-05,1.0792419910430908,Yahoo Finance
2020-08-06,1.0247559547424316,Yahoo Finance
2020-08-07,1.003290057182312,Yahoo Finance
2020-08-08,0.9886549711227417,Yahoo Finance
2020-08-09,1.0286489725112915,Yahoo Finance
2020-08-10,1.0378999710083008,Yahoo Finance
2020-08-11,1.0243359804153442,Yahoo Finance
2020-08-12,1.0344589948654175,Yahoo Finance
2020-08-13,1.044293999671936,Yahoo Finance
2020-08-14,1.1218600273132324,Yahoo Finance
2020-08-15,1.0714939832687378,Yahoo Finance
2020-08-16,1.0439640283584595,Yahoo Finance
2020-08-17,1.0504850149154663,Yahoo Finance
2020-08-18,1.0596319437026978,Yahoo Finance
2020-08-19,1.0004199743270874,Yahoo Finance
2020-08-20,1.1804510354995728,Yahoo Finance
2020-08-21,0.9843270182609558,Yahoo Finance
2020-08-22,0.9990500211715698,Yahoo Finance
2020-08-23,0.9960119724273682,Yahoo Finance
2020-08-24,0.9940339922904968,Yahoo Finance
2020-08-25,0.9693580269813538,Yahoo Finance
2020-08-26,0.9525750279426575,Yahoo Finance
2020-08-27,1.0033940076828003,Yahoo Finance
2020-08-28,1.0762159824371338,Yahoo Finance
2020-08-29,0.9746710062026978,Yahoo Finance
2020-08-30,1.0177479982376099,Yahoo Finance
2020-08-31,0.9986760020256042,Yahoo Finance
2020-09-01,1.0528850555419922,Yahoo Finance
2020-09-02,0.9717130064964294,Yahoo Finance
2020-09-03,0.9435359835624695,Yahoo Finance
2020-09-04,0.9977650046348572,Yahoo Finance
2020-09-05,0.889743983745575,Yahoo Finance
2020-09-06,0.9468129873275757,Yahoo Finance
2020-09-07,1.01447594165802,Yahoo Finance
2020-09-08,0.8968740105628967,Yahoo Finance
2020-09-09,0.910152018070221,Yahoo Finance
2020-09-10,0.9854649901390076,Yahoo Finance
2020-09-11,0.9913020133972168,Yahoo Finance
2020-09-12,1.1151330471038818,Yahoo Finance
2020-09-13,0.9398180246353149,Yahoo Finance
2020-09-14,0.9241809844970703,Yahoo Finance
2020-09-15,0.9229530096054077,Yahoo Finance
2020-09-16,0.9958239793777466,Yahoo Finance
2020-09-17,0.8791639804840088,Yahoo Finance
2020-09-18,0.9847260117530823,Yahoo Finance
2020-09-19,0.9436540007591248,Yahoo Finance
2020-09-20,0.9590060114860535,Yahoo Finance
2020-09-21,0.9510319828987122,Yahoo Finance
2020-09-22,0.9350860118865967,Yahoo Finance
2020-09-23,0.9074310064315796,Yahoo Finance
2020-09-24,0.9565439820289612,Yahoo Finance
2020-09-25,0.9462940096855164,Yahoo Finance
2020-09-26,0.9440400004386902,Yahoo Finance
2020-09-27,0.9476569890975952,Yahoo Finance
2020-09-28,1.0156519412994385,Yahoo Finance
2020-09-29,0.9796810150146484,Yahoo Finance
2020-09-30,0.9703419804573059,Yahoo Finance
2020-10-01,0.8918939828872681,Yahoo Finance
2020-10-02,0.9227160215377808,Yahoo Finance
2020-10-03,0.89199298620224,Yahoo Finance
2020-10-04,0.908066987991333,Yahoo Finance
2020-10-05,0.9260730147361755,Yahoo Finance
2020-10-06,0.8935379981994629,Yahoo Finance
2020-10-07,0.8952360153198242,Yahoo Finance
2020-10-08,0.9270840287208557,Yahoo Finance
2020-10-09,0.9368069767951965,Yahoo Finance
2020-10-10,0.9386879801750183,Yahoo Finance
2020-10-11,0.9651020169258118,Yahoo Finance
2020-10-12,0.9519420266151428,Yahoo Finance
2020-10-13,0.9475409984588623,Yahoo Finance
2020-10-14,0.7153459787368774,Yahoo Finance
2020-10-15,0.9257779717445374,Yahoo Finance
2020-10-16,1.0041589736938477,Yahoo Finance
2020-10-17,0.9848610162734985,Yahoo Finance
2020-10-18,1.0077470541000366,Yahoo Finance
2020-10-19,1.0313060283660889,Yahoo Finance
2020-10-20,0.9810900092124939,Yahoo Finance
2020-10-21,1.0190989971160889,Yahoo Finance
2020-10-22,0.9829840064048767,Yahoo Finance
2020-10-23,0.9583839774131775,Yahoo Finance
2020-10-24,0.9696710109710693,Yahoo Finance
2020-10-25,0.9323779940605164,Yahoo Finance
2020-10-26,0.9971519708633423,Yahoo Finance
2020-10-27,1.0002449750900269,Yahoo Finance
2020-10-28,1.0196759700775146,Yahoo Finance
2020-10-29,0.9836639761924744,Yahoo Finance
2020-10-30,1.000939965248108,Yahoo Finance
2020-10-31,1.0127760171890259,Yahoo Finance
2020-11-01,0.9139450192451477,Yahoo Finance
2020-11-02,0.9578250050544739,Yahoo Finance
2020-11-03,0.9954620003700256,Yahoo Finance
2020-11-04,0.9938939809799194,Yahoo Finance
2020-11-05,1.000694990158081,Yahoo Finance
2020-11-06,0.9994329810142517,Yahoo Finance
2020-11-07,1.0122120380401611,Yahoo Finance
2020-11-08,0.9585909843444824,Yahoo Finance
2020-11-09,1.0182620286941528,Yahoo Finance
2020-11-10,0.9809929728507996,Yahoo Finance
2020-11-11,0.9873039722442627,Yahoo Finance
2020-11-12,0.8266280293464661,Yahoo Finance
2020-11-13,1.0009369850158691,Yahoo Finance
2020-11-14,1.063088059425354,Yahoo Finance
2020-11-15,1.014106035232544,Yahoo Finance
2020-11-16,1.0086699724197388,Yahoo Finance
2020-11-17,0.9596920013427734,Yahoo Finance
2020-11-18,0.9980990290641785,Yahoo Finance
2020-11-19,1.005445957183838,Yahoo Finance
2020-11-20,1.0157270431518555,Yahoo Finance
2020-11-21,1.008525013923645,Yahoo Finance
2020-11-22,0.9913070201873779,Yahoo Finance
2020-11-23,1.0095469951629639,Yahoo Finance
2020-11-24,0.996088981628418,Yahoo Finance
2020-11-25,1.0078799724578857,Yahoo Finance
2020-11-26,1.0062780380249023,Yahoo Finance
2020-11-27,0.9967479705810547,Yahoo Finance
2020-11-28,1.0315489768981934,Yahoo Finance
2020-11-29,0.9728990197181702,Yahoo Finance
2020-11-30,1.0196419954299927,Yahoo Finance
2020-12-01,0.975009024143219,Yahoo Finance
2020-12-02,1.0156580209732056,Yahoo Finance
2020-12-03,1.0491310358047485,Yahoo Finance
2020-12-04,0.938319981098175,Yahoo Finance
2020-12-05,0.9951859712600708,Yahoo Finance
2020-12-06,0.994521975517273,Yahoo Finance
2020-12-07,1.1633609533309937,Yahoo Finance
2020-12-08,0.9869459867477417,Yahoo Finance
2020-12-09,1.029006004333496,Yahoo Finance
2020-12-10,1.1599880456924438,Yahoo Finance
2020-12-11,0.759784996509552,Yahoo Finance
2020-12-12,0.9999200105667114,Yahoo Finance
2020-12-13,1.0011839866638184,Yahoo Finance
2020-12-14,1.0191819667816162,Yahoo Finance
2020-12-15,1.0137629508972168,Yahoo Finance
2020-12-16,1.138916015625,Yahoo Finance
2020-12-17,0.9981949925422668,Yahoo Finance
2020-12-18,1.003829002380371,Yahoo Finance
2020-12-19,1.0015710592269897,Yahoo Finance
2020-12-20,0.9803990125656128,Yahoo Finance
2020-12-21,1.004755973815918,Yahoo Finance
2020-12-22,1.006639003753662,Yahoo Finance
2020-12-23,0.9989799857139587,Yahoo Finance
2020-12-24,1.012349009513855,Yahoo Finance
2020-12-25,0.9969109892845154,Yahoo Finance
2020-12-26,1.0796719789505005,Yahoo Finance
2020-12-27,1.0650520324707031,Yahoo Finance
2020-12-28,1.0103060007095337,Yahoo Finance
2020-12-29,1.0184979438781738,Yahoo Finance
2020-12-30,0.995622992515564,Yahoo Finance
2020-12-31,1.007699966430664,Yahoo Finance
2021-01-01,0.8883839845657349,Yahoo Finance
2021-01-02,1.0321789979934692,Yahoo Finance
2021-01-03,1.0032039880752563,Yahoo Finance
2021-01-04,1.0139909982681274,Yahoo Finance
2021-01-05,1.0454649925231934,Yahoo Finance
2021-01-06,1.056115984916687,Yahoo Finance
2021-01-07,0.9975540041923523,Yahoo Finance
2021-01-08,1.017043948173523,Yahoo Finance
2021-01-09,1.0497150421142578,Yahoo Finance
2021-01-10,1.011430025100708,Yahoo Finance
2021-01-11,1.0617669820785522,Yahoo Finance
2021-01-12,1.008882999420166,Yahoo Finance
2021-01-13,1.0475579500198364,Yahoo Finance
2021-01-14,1.06325101852417,Yahoo Finance
2021-01-15,1.0083969831466675,Yahoo Finance
2021-01-16,1.0461640357971191,Yahoo Finance
2021-01-17,0.9866600036621094,Yahoo Finance
2021-01-18,1.0543659925460815,Yahoo Finance
2021-01-19,0.7764859795570374,Yahoo Finance
2021-01-20,0.9525030255317688,Yahoo Finance
2021-01-21,0.9878270030021667,Yahoo Finance
2021-01-22,1.0217969417572021,Yahoo Finance
2021-01-23,0.9908689856529236,Yahoo Finance
2021-01-24,0.9474290013313293,Yahoo Finance
2021-01-25,0.8712019920349121,Yahoo Finance
2021-01-26,1.0093849897384644,Yahoo Finance
2021-01-27,1.0765520334243774,Yahoo Finance
2021-01-28,1.0388469696044922,Yahoo Finance
2021-01-29,1.0446560382843018,Yahoo Finance
2021-01-30,0.9477999806404114,Yahoo Finance
2021-01-31,0.9936550259590149,Yahoo Finance
2021-02-01,0.9691709876060486,Yahoo Finance
2021-02-02,1.0501279830932617,Yahoo Finance
2021-02-03,1.100904941558838,Yahoo Finance
2021-02-04,1.0856239795684814,Yahoo Finance
2021-02-05,1.1009399890899658,Yahoo Finance
2021-02-06,1.0789920091629028,Yahoo Finance
2021-02-07,1.032452940940857,Yahoo Finance
2021-02-08,1.2212419509887695,Yahoo Finance
2021-02-09,1.2363890409469604,Yahoo Finance
2021-02-10,1.1193259954452515,Yahoo Finance
2021-02-11,1.1683709621429443,Yahoo Finance
2021-02-12,1.153041958808899,Yahoo Finance
2021-02-13,1.1758450269699097,Yahoo Finance
2021-02-14,1.097648024559021,Yahoo Finance
2021-02-15,1.1478029489517212,Yahoo Finance
2021-02-16,1.035436987876892,Yahoo Finance
2021-02-17,1.0035550594329834,Yahoo Finance
2021-02-18,0.9932090044021606,Yahoo Finance
2021-02-19,1.0110540390014648,Yahoo Finance
2021-02-20,1.0309580564498901,Yahoo Finance
2021-02-21,1.011301040649414,Yahoo Finance
2021-02-22,1.0303009748458862,Yahoo Finance
2021-02-23,1.0934720039367676,Yahoo Finance
2021-02-24,0.9883970022201538,Yahoo Finance
2021-02-25,0.9365190267562866,Yahoo Finance
2021-02-26,0.937425971031189,Yahoo Finance
2021-02-27,0.9249560236930847,Yahoo Finance
2021-02-28,0.8737919926643372,Yahoo Finance
2021-03-01,1.132112979888916,Yahoo Finance
2021-03-02,0.930312991142273,Yahoo Finance
2021-03-03,0.9352719783782959,Yahoo Finance
2021-03-04,1.0072940587997437,Yahoo Finance
2021-03-05,0.9890199899673462,Yahoo Finance
2021-03-06,1.0182780027389526,Yahoo Finance
2021-03-07,1.0167880058288574,Yahoo Finance
2021-03-08,0.9903450012207031,Yahoo Finance
2021-03-09,1.0024429559707642,Yahoo Finance
2021-03-10,0.9899150133132935,Yahoo Finance
2021-03-11,1.0,Yahoo Finance
2021-03-12,0.9851539731025696,Yahoo Finance
2021-03-13,0.9807630181312561,Yahoo Finance
2021-03-14,0.9510999917984009,Yahoo Finance
2021-03-15,1.0235029458999634,Yahoo Finance
2021-03-16,1.0346230268478394,Yahoo Finance
2021-03-17,1.0276230573654175,Yahoo Finance
2021-03-18,0.9981139898300171,Yahoo Finance
2021-03-19,1.0376030206680298,Yahoo Finance
2021-03-20,1.014193058013916,Yahoo Finance
2021-03-21,1.002953052520752,Yahoo Finance
2021-03-22,1.1559380292892456,Yahoo Finance
2021-03-23,0.9965810179710388,Yahoo Finance
2021-03-24,0.9619550108909607,Yahoo Finance
2021-03-25,0.9735699892044067,Yahoo Finance
2021-03-26,1.0272929668426514,Yahoo Finance
2021-03-27,0.9830530285835266,Yahoo Finance
2021-03-28,1.037099003791809,Yahoo Finance
2021-03-29,1.0245800018310547,Yahoo Finance
2021-03-30,0.9926819801330566,Yahoo Finance
2021-03-31,0.9973229765892029,Yahoo Finance
2021-04-01,1.0159809589385986,Yahoo Finance
2021-04-02,1.0389970541000366,Yahoo Finance
2021-04-03,0.9976149797439575,Yahoo Finance
2021-04-04,1.0370229482650757,Yahoo Finance
2021-04-05,1.061642050743103,Yahoo Finance
2021-04-06,1.098031997680664,Yahoo Finance
2021-04-07,0.980705976486206,Yahoo Finance
2021-04-08,1.0446159839630127,Yahoo Finance
2021-04-09,1.0246059894561768,Yahoo Finance
2021-04-10,1.0528520345687866,Yahoo Finance
2021-04-11,1.0086499452590942,Yahoo Finance
2021-04-12,0.9912229776382446,Yahoo Finance
2021-04-13,1.0384290218353271,Yahoo Finance
2021-04-14,0.9817789793014526,Yahoo Finance
2021-04-15,1.0377830266952515,Yahoo Finance
2021-04-16,1.0770219564437866,Yahoo Finance
2021-04-17,1.0822550058364868,Yahoo Finance
2021-04-18,1.0246659517288208,Yahoo Finance
2021-04-19,0.9739459753036499,Yahoo Finance
2021-04-20,1.0374799966812134,Yahoo Finance
2021-04-21,1.0552630424499512,Yahoo Finance
2021-04-22,1.2325350046157837,Yahoo Finance
2021-04-23,1.0446979999542236,Yahoo Finance
2021-04-24,0.9874669909477234,Yahoo Finance
2021-04-25,1.0376520156860352,Yahoo Finance
2021-04-26,1.0456880331039429,Yahoo Finance
2021-04-27,1.0365450382232666,Yahoo Finance
2021-04-28,1.0127589702606201,Yahoo Finance
2021-04-29,1.0843820571899414,Yahoo Finance
2021-04-30,1.0237369537353516,Yahoo Finance
2021-05-01,0.9881349802017212,Yahoo Finance
2021-05-02,1.1006540060043335,Yahoo Finance
2021-05-03,1.0025099515914917,Yahoo Finance
2021-05-04,1.0034760236740112,Yahoo Finance
2021-05-05,1.0476289987564087,Yahoo Finance
2021-05-06,1.014374017715454,Yahoo Finance
2021-05-07,1.0233949422836304,Yahoo Finance
2021-05-08,1.0366430282592773,Yahoo Finance
2021-05-09,1.03758704662323,Yahoo Finance
2021-05-10,1.5215070247650146,Yahoo Finance
2021-05-11,1.0592550039291382,Yahoo Finance
2021-05-12,1.024718999862671,Yahoo Finance
2021-05-13,1.0360920429229736,Yahoo Finance
2021-05-14,1.7305550575256348,Yahoo Finance
2021-05-15,1.0589770078659058,Yahoo Finance
2021-05-16,1.037011981010437,Yahoo Finance
2021-05-17,1.0155550241470337,Yahoo Finance
2021-05-18,1.2302219867706299,Yahoo Finance
2021-05-19,1.0112810134887695,Yahoo Finance
2021-05-20,0.9913020133972168,Yahoo Finance
2021-05-21,1.0514349937438965,Yahoo Finance
2021-05-22,1.1717339754104614,Yahoo Finance
2021-05-23,1.00444495677948,Yahoo Finance
2021-05-24,1.1018710136413574,Yahoo Finance
2021-05-25,1.025900959968567,Yahoo Finance
2021-05-26,1.0198190212249756,Yahoo Finance
2021-05-27,0.9908779859542847,Yahoo Finance
2021-05-28,1.0169329643249512,Yahoo Finance
2021-05-29,0.993815004825592,Yahoo Finance
2021-05-30,0.9985420107841492,Yahoo Finance
2021-05-31,1.0635119676589966,Yahoo Finance
2021-06-01,1.1068309545516968,Yahoo Finance
2021-06-02,1.0707390308380127,Yahoo Finance
2021-06-03,1.0805050134658813,Yahoo Finance
2021-06-04,1.000290036201477,Yahoo Finance
2021-06-05,1.068673014640808,Yahoo Finance
2021-06-06,1.28957200050354,Yahoo Finance
2021-06-07,1.3763099908828735,Yahoo Finance
2021-06-08,1.0003559589385986,Yahoo Finance
2021-06-09,1.0211800336837769,Yahoo Finance
2021-06-10,1.0185929536819458,Yahoo Finance
2021-06-11,1.0037930011749268,Yahoo Finance
2021-06-12,1.0020860433578491,Yahoo Finance
2021-06-13,1.0255340337753296,Yahoo Finance
2021-06-14,1.0204700231552124,Yahoo Finance
2021-06-15,0.967415988445282,Yahoo Finance
2021-06-16,1.0011850595474243,Yahoo Finance
2021-06-17,1.0158720016479492,Yahoo Finance
2021-06-18,1.0080889463424683,Yahoo Finance
2021-06-19,0.9896640181541443,Yahoo Finance
2021-06-20,1.0236790180206299,Yahoo Finance
2021-06-21,1.0013799667358398,Yahoo Finance
2021-06-22,0.9673810005187988,Yahoo Finance
2021-06-23,1.0047940015792847,Yahoo Finance
2021-06-24,0.9992520213127136,Yahoo Finance
2021-06-25,0.9948269724845886,Yahoo Finance
2021-06-26,1.0127609968185425,Yahoo Finance
2021-06-27,1.0529099702835083,Yahoo Finance
2021-06-28,1.000756025314331,Yahoo Finance
2021-06-29,1.0067739486694336,Yahoo Finance
2021-06-30,1.0352150201797485,Yahoo Finance
2021-07-01,1.0033940076828003,Yahoo Finance
2021-07-02,1.0092860460281372,Yahoo Finance
2021-07-03,0.998960018157959,Yahoo Finance
2021-07-04,0.9873539805412292,Yahoo Finance
2021-07-05,1.0124369859695435,Yahoo Finance
2021-07-06,1.000566005706787,Yahoo Finance
2021-07-07,0.9922639727592468,Yahoo Finance
2021-07-08,1.0006569623947144,Yahoo Finance
2021-07-09,1.004045009613037,Yahoo Finance
2021-07-10,0.9958400130271912,Yahoo Finance
2021-07-11,0.9763050079345703,Yahoo Finance
2021-07-12,1.0068780183792114,Yahoo Finance
2021-07-13,0.99760901927948,Yahoo Finance
2021-07-14,0.9863939881324768,Yahoo Finance
2021-07-15,1.0136959552764893,Yahoo Finance
2021-07-16,0.9809610247612,Yahoo Finance
2021-07-17,1.0595749616622925,Yahoo Finance
2021-07-18,1.511773943901062,Yahoo Finance
2021-07-19,0.9866200089454651,Yahoo Finance
2021-07-20,1.043071985244751,Yahoo Finance
2021-07-21,0.997967004776001,Yahoo Finance
2021-07-22,0.9767919778823853,Yahoo Finance
2021-07-23,1.0677820444107056,Yahoo Finance
2021-07-24,1.0086450576782227,Yahoo Finance
2021-07-25,1.025223970413208,Yahoo Finance
2021-07-26,1.0757379531860352,Yahoo Finance
2021-07-27,1.129492998123169,Yahoo Finance
2021-07-28,1.0622459650039673,Yahoo Finance
2021-07-29,1.3136190176010132,Yahoo Finance
2021-07-30,1.1750260591506958,Yahoo Finance
2021-07-31,1.1384530067443848,Yahoo Finance
2021-08-01,2.5015149116516113,Yahoo Finance
2021-08-02,1.1153769493103027,Yahoo Finance
2021-08-03,1.8570489883422852,Yahoo Finance
2021-08-04,2.027409076690674,Yahoo Finance
2021-08-05,1.0732810497283936,Yahoo Finance
2021-08-06,1.5087590217590332,Yahoo Finance
2021-10-16,0.9944549798965454,Yahoo Finance
2021-10-17,0.9544050097465515,Yahoo Finance
2021-10-18,1.158154010772705,Yahoo Finance
2021-10-19,1.059520959854126,Yahoo Finance
2021-10-20,1.3790080547332764,Yahoo Finance
2021-10-21,0.9609569907188416,Yahoo Finance
2021-10-22,0.9996349811553955,Yahoo Finance
2021-10-23,1.1995329856872559,Yahoo Finance
2021-10-24,1.0042580366134644,Yahoo Finance
2021-10-25,1.0178309679031372,Yahoo Finance
2021-10-26,0.9586210250854492,Yahoo Finance
2021-10-27,1.0026750564575195,Yahoo Finance
2021-10-28,1.1313539743423462,Yahoo Finance
2021-10-29,1.0277140140533447,Yahoo Finance
2021-10-30,1.009052038192749,Yahoo Finance
2021-10-31,1.0379379987716675,Yahoo Finance
2021-11-01,1.0308610200881958,Yahoo Finance
2021-11-02,0.9973989725112915,Yahoo Finance
2021-11-03,1.0333930253982544,Yahoo Finance
2021-11-04,1.015084981918335,Yahoo Finance
2021-11-05,1.0506060123443604,Yahoo Finance
2021-11-06,1.0145070552825928,Yahoo Finance
2021-11-07,1.0036139488220215,Yahoo Finance
2021-11-08,1.0009130239486694,Yahoo Finance
2021-11-09,0.9833589792251587,Yahoo Finance
2021-11-10,0.974573016166687,Yahoo Finance
2021-11-11,0.994566023349762,Yahoo Finance
2021-11-12,1.0042270421981812,Yahoo Finance
2021-11-13,1.026263952255249,Yahoo Finance
2021-11-14,1.035338044166565,Yahoo Finance
2021-11-15,0.9990190267562866,Yahoo Finance
2021-11-16,1.0132319927215576,Yahoo Finance
2021-11-17,1.0434190034866333,Yahoo Finance
2021-11-18,1.0243910551071167,Yahoo Finance
2021-11-19,1.008018970489502,Yahoo Finance
2021-11-20,1.0116239786148071,Yahoo Finance
2021-11-21,1.027748942375183,Yahoo Finance
2021-11-22,1.0675699710845947,Yahoo Finance
2021-11-23,1.0142539739608765,Yahoo Finance
2021-11-24,1.018097996711731,Yahoo Finance
2021-11-25,1.0264830589294434,Yahoo Finance
2021-11-26,0.9976770281791687,Yahoo Finance
2021-11-27,1.0071320533752441,Yahoo Finance
2021-11-28,1.0274989604949951,Yahoo Finance
2021-11-29,1.0188239812850952,Yahoo Finance
2021-11-30,1.0236669778823853,Yahoo Finance
2021-12-01,1.0357600450515747,Yahoo Finance
2021-12-02,1.0454950332641602,Yahoo Finance
2021-12-03,1.036877989768982,Yahoo Finance
2021-12-04,1.0169039964675903,Yahoo Finance
2021-12-05,1.0493199825286865,Yahoo Finance
2021-12-06,1.0505249500274658,Yahoo Finance
2021-12-07,1.0349520444869995,Yahoo Finance
2021-12-08,1.0344510078430176,Yahoo Finance
2021-12-09,1.0418059825897217,Yahoo Finance
2021-12-10,1.02161705493927,Yahoo Finance
2021-12-11,1.0391279458999634,Yahoo Finance
2021-12-12,1.0132360458374023,Yahoo Finance
2021-12-13,1.0075459480285645,Yahoo Finance
2021-12-14,1.0170120000839233,Yahoo Finance
2021-12-15,1.0368369817733765,Yahoo Finance
2021-12-16,1.0327889919281006,Yahoo Finance
2021-12-17,1.0415689945220947,Yahoo Finance
2021-12-18,1.0247989892959595,Yahoo Finance
2021-12-19,1.0320860147476196,Yahoo Finance
2021-12-20,1.014583945274353,Yahoo Finance
2021-12-21,1.0370830297470093,Yahoo Finance
2021-12-22,1.0003910064697266,Yahoo Finance
2021-12-23,1.011404037475586,Yahoo Finance
2021-12-24,1.0094189643859863,Yahoo Finance
2021-12-25,1.0081050395965576,Yahoo Finance
2021-12-26,1.0483659505844116,Yahoo Finance
2021-12-27,0.9963930249214172,Yahoo Finance
2021-12-28,1.0779190063476562,Yahoo Finance
2021-12-29,1.1404139995574951,Yahoo Finance
2021-12-30,1.0542809963226318,Yahoo Finance
2021-12-31,0.9897390007972717,Yahoo Finance
2022-01-01,0.9906200170516968,Yahoo Finance
2022-01-02,0.9882460236549377,Yahoo Finance
2022-01-03,1.0003340244293213,Yahoo Finance
2022-01-04,0.9894229769706726,Yahoo Finance
2022-01-05,0.9811019897460938,Yahoo Finance
2022-01-06,0.9965649843215942,Yahoo Finance
2022-01-07,0.9933680295944214,Yahoo Finance
2022-01-08,0.9855359792709351,Yahoo Finance
2022-01-09,0.9887530207633972,Yahoo Finance
2022-01-10,0.9928680062294006,Yahoo Finance
2022-01-11,0.9938579797744751,Yahoo Finance
2022-01-12,0.9990580081939697,Yahoo Finance
2022-01-13,0.9962980151176453,Yahoo Finance
2022-01-14,0.9907479882240295,Yahoo Finance
2022-01-15,1.0032919645309448,Yahoo Finance
2022-01-16,0.9933639764785767,Yahoo Finance
2022-01-17,0.9832630157470703,Yahoo Finance
2022-01-18,1.0116499662399292,Yahoo Finance
2022-01-19,1.0060629844665527,Yahoo Finance
2022-01-20,0.999118983745575,Yahoo Finance
2022-01-21,0.9921780228614807,Yahoo Finance
2022-01-22,0.995980978012085,Yahoo Finance
2022-01-23,1.0026270151138306,Yahoo Finance
2022-01-24,1.0048309564590454,Yahoo Finance
2022-01-25,1.0048140287399292,Yahoo Finance
2022-01-26,1.0103199481964111,Yahoo Finance
2022-01-27,1.0081100463867188,Yahoo Finance
2022-01-28,1.0179680585861206,Yahoo Finance
2022-01-29,0.9928460121154785,Yahoo Finance
2022-01-30,0.9979220032691956,Yahoo Finance
2022-01-31,1.0027519464492798,Yahoo Finance
2022-02-01,0.956741988658905,Yahoo Finance
2022-02-02,0.96213698387146,Yahoo Finance
2022-02-03,0.9923449754714966,Yahoo Finance
2022-02-04,1.001471996307373,Yahoo Finance
2022-02-05,1.018707036972046,Yahoo Finance
2022-02-06,1.0015170574188232,Yahoo Finance
2022-02-07,0.9963909983634949,Yahoo Finance
2022-02-08,0.9879800081253052,Yahoo Finance
2022-02-09,1.0050020217895508,Yahoo Finance
2022-02-10,0.9935700297355652,Yahoo Finance
2022-02-11,1.0024820566177368,Yahoo Finance
2022-02-12,1.0067600011825562,Yahoo Finance
2022-02-13,1.0026910305023193,Yahoo Finance
2022-02-14,0.9995350241661072,Yahoo Finance
2022-02-15,1.0059009790420532,Yahoo Finance
2022-02-16,1.0082459449768066,Yahoo Finance
2022-02-17,0.9950690269470215,Yahoo Finance
2022-02-18,1.0105030536651611,Yahoo Finance
2022-02-19,0.9708809852600098,Yahoo Finance
2022-02-20,0.9812089800834656,Yahoo Finance
2022-02-21,0.9913539886474609,Yahoo Finance
2022-02-22,1.0010700225830078,Yahoo Finance
2022-02-23,1.0072189569473267,Yahoo Finance
2022-02-24,1.013031005859375,Yahoo Finance
2022-02-25,0.9964029788970947,Yahoo Finance
2022-02-26,1.011070966720581,Yahoo Finance
2022-02-27,1.0084710121154785,Yahoo Finance
2022-02-28,0.9999099969863892,Yahoo Finance
2022-03-01,1.008908987045288,Yahoo Finance
2022-03-02,0.9811400175094604,Yahoo Finance
2022-03-03,1.004114031791687,Yahoo Finance
2022-03-04,1.0107749700546265,Yahoo Finance
2022-03-05,1.0105229616165161,Yahoo Finance
2022-03-06,0.9628570079803467,Yahoo Finance
2022-03-07,0.9885159730911255,Yahoo Finance
2022-03-08,1.015434980392456,Yahoo Finance
2022-03-09,0.9959380030632019,Yahoo Finance
2022-03-10,0.9842569828033447,Yahoo Finance
2022-03-11,0.9977049827575684,Yahoo Finance
2022-03-12,0.9938899874687195,Yahoo Finance
2022-03-13,0.9725750088691711,Yahoo Finance
2022-03-14,1.009902000427246,Yahoo Finance
2022-03-15,0.9854810237884521,Yahoo Finance
2022-03-16,0.9964990019798279,Yahoo Finance
2022-03-17,0.9601190090179443,Yahoo Finance
2022-03-18,0.9948880076408386,Yahoo Finance
2022-03-19,0.9830610156059265,Yahoo Finance
2022-03-20,0.9866510033607483,Yahoo Finance
2022-03-21,0.9824780225753784,Yahoo Finance
2022-03-22,0.9823949933052063,Yahoo Finance
2022-03-23,0.9950190186500549,Yahoo Finance
2022-03-24,0.9809979796409607,Yahoo Finance
2022-03-25,0.9863770008087158,Yahoo Finance
2022-03-26,0.9863770008087158,Yahoo Finance
2022-03-27,0.9863770008087158,Yahoo Finance
2022-03-28,0.9863770008087158,Yahoo Finance
2022-03-29,0.9863770008087158,Yahoo Finance
2022-03-30,0.9863770008087158,Yahoo Finance
2022-03-31,0.9863770008087158,Yahoo Finance
2022-04-01,0.9863770008087158,Yahoo Finance
2022-04-18,0.9925000071525574,Yahoo Finance
2022-04-19,0.9925100207328796,Yahoo Finance
2022-04-20,0.9925100207328796,Yahoo Finance
2022-04-21,0.9925100207328796,Yahoo Finance
2022-04-22,0.9925100207328796,Yahoo Finance
2022-04-23,0.9925000071525574,Yahoo Finance
2022-04-24,0.9925100207328796,Yahoo Finance
2022-04-25,0.9885299801826477,Yahoo Finance
2022-04-26,0.9925000071525574,Yahoo Finance
2022-04-27,0.9925000071525574,Yahoo Finance
2022-04-28,0.9925000071525574,Yahoo Finance
2022-04-29,0.9925000071525574,Yahoo Finance
2022-04-30,0.9925000071525574,Yahoo Finance
2022-05-01,0.9925000071525574,Yahoo Finance
2022-05-02,0.9925000071525574,Yahoo Finance
2022-05-03,0.9925000071525574,Yahoo Finance
2022-05-04,0.9925000071525574,Yahoo Finance
2022-05-05,0.9925000071525574,Yahoo Finance
2022-05-06,0.9925000071525574,Yahoo Finance
2022-05-27,0.998744010925293,Yahoo Finance
2022-05-28,0.9989050030708313,Yahoo Finance
2022-05-29,1.0049140453338623,Yahoo Finance
2022-05-30,0.99931800365448,Yahoo Finance
2022-05-31,0.9991170167922974,Yahoo Finance
2022-06-01,0.9989410042762756,Yahoo Finance
2022-06-02,1.0016560554504395,Yahoo Finance
2022-06-03,0.9987379908561707,Yahoo Finance
2022-06-04,0.998898983001709,Yahoo Finance
2022-06-05,1.0001250505447388,Yahoo Finance
2022-06-06,0.9989269971847534,Yahoo Finance
2022-06-07,0.999002993106842,Yahoo Finance
2022-06-08,0.993677020072937,Yahoo Finance
2022-06-09,0.991362988948822,Yahoo Finance
2022-06-10,0.9987249970436096,Yahoo Finance
2022-06-11,0.9985229969024658,Yahoo Finance
2022-06-12,0.9985439777374268,Yahoo Finance
2022-06-13,0.9979569911956787,Yahoo Finance
2022-06-14,0.9983140230178833,Yahoo Finance
2022-06-15,0.9983140230178833,Yahoo Finance
2022-06-16,0.9982399940490723,Yahoo Finance
2022-06-17,0.9983530044555664,Yahoo Finance
2022-06-18,0.9979419708251953,Yahoo Finance
2022-06-19,0.9983119964599609,Yahoo Finance
2022-06-20,0.998291015625,Yahoo Finance
2022-06-21,0.9984319806098938,Yahoo Finance
2022-06-22,0.998399019241333,Yahoo Finance
2022-06-23,0.9986230134963989,Yahoo Finance
2022-06-24,0.9987000226974487,Yahoo Finance
2022-06-25,0.9989269971847534,Yahoo Finance
2022-06-26,0.9987779855728149,Yahoo Finance
2022-06-27,0.9984530210494995,Yahoo Finance
2022-06-28,0.9981849789619446,Yahoo Finance
2022-06-29,0.9982270002365112,Yahoo Finance
2022-06-30,0.9981290102005005,Yahoo Finance
2022-07-01,0.9981889724731445,Yahoo Finance
2022-07-02,0.9982820153236389,Yahoo Finance
2022-07-03,0.9985209703445435,Yahoo Finance
2022-07-04,0.998583972454071,Yahoo Finance
2022-07-05,0.9985870122909546,Yahoo Finance
2022-07-06,0.9986019730567932,Yahoo Finance
2022-07-07,0.9989640116691589,Yahoo Finance
2022-07-08,0.9989479780197144,Yahoo Finance
2022-07-09,0.9990580081939697,Yahoo Finance
2022-07-10,0.9989740252494812,Yahoo Finance
2022-07-11,0.9987159967422485,Yahoo Finance
2022-07-12,0.9988189935684204,Yahoo Finance
2022-07-13,0.998878002166748,Yahoo Finance
2022-07-14,0.9989429712295532,Yahoo Finance
2022-07-15,0.9992640018463135,Yahoo Finance
2022-07-16,0.9993559718132019,Yahoo Finance
2022-07-17,0.99931401014328,Yahoo Finance
2022-07-18,0.9994159936904907,Yahoo Finance
2022-07-19,0.9997270107269287,Yahoo Finance
2022-07-20,0.9996790289878845,Yahoo Finance
2022-07-21,0.9997140169143677,Yahoo Finance
2022-07-22,0.9996770024299622,Yahoo Finance
2022-07-23,0.9996650218963623,Yahoo Finance
2022-07-24,0.9996899962425232,Yahoo Finance
2022-07-25,0.999688982963562,Yahoo Finance
2022-07-26,0.9996470212936401,Yahoo Finance
2022-07-27,0.9999529719352722,Yahoo Finance
2022-07-28,0.9998829960823059,Yahoo Finance
2022-07-29,0.9999859929084778,Yahoo Finance
2022-07-30,0.9999650120735168,Yahoo Finance
2022-07-31,1.0047290325164795,Yahoo Finance
2022-08-01,0.9998520016670227,Yahoo Finance
2022-08-02,0.9998070001602173,Yahoo Finance
2022-08-03,0.9998679757118225,Yahoo Finance
2022-08-04,0.9997879862785339,Yahoo Finance
2022-08-05,0.9997069835662842,Yahoo Finance
2022-08-06,0.9997770190238953,Yahoo Finance
2022-08-07,0.9997869729995728,Yahoo Finance
2022-08-08,0.9998499751091003,Yahoo Finance
2022-08-09,0.9998540282249451,Yahoo Finance
2022-08-10,0.9999420046806335,Yahoo Finance
2022-08-11,1.0000979900360107,Yahoo Finance
2022-08-12,1.0049329996109009,Yahoo Finance
2022-08-13,1.0000849962234497,Yahoo Finance
2022-08-14,0.9999629855155945,Yahoo Finance
2022-08-15,0.9998570084571838,Yahoo Finance
2022-08-16,0.9999920129776001,Yahoo Finance
2022-08-17,0.9997599720954895,Yahoo Finance
2022-08-18,0.9996920228004456,Yahoo Finance
2022-08-19,0.9991210103034973,Yahoo Finance
2022-08-20,0.9995949864387512,Yahoo Finance
2022-08-21,0.9997529983520508,Yahoo Finance
2022-08-22,0.9996259808540344,Yahoo Finance
2022-08-23,0.9996449947357178,Yahoo Finance
2022-08-24,0.9997109770774841,Yahoo Finance
2022-08-25,0.9997580051422119,Yahoo Finance
2022-08-26,0.9996820092201233,Yahoo Finance
2022-08-27,0.999638020992279,Yahoo Finance
2022-08-28,0.9996389746665955,Yahoo Finance
2022-08-29,0.9996830224990845,Yahoo Finance
2022-08-30,0.9997169971466064,Yahoo Finance
2022-08-31,0.999642014503479,Yahoo Finance
2022-09-01,0.9996479749679565,Yahoo Finance
2022-09-02,0.9995480179786682,Yahoo Finance
2022-09-03,0.9995269775390625,Yahoo Finance
2022-09-04,0.9995219707489014,Yahoo Finance
2022-09-05,1.0205199718475342,Yahoo Finance
2022-09-06,0.9995049834251404,Yahoo Finance
2022-09-07,0.999550998210907,Yahoo Finance
2022-09-08,1.0038520097732544,Yahoo Finance
2022-09-09,0.9997529983520508,Yahoo Finance
2022-09-10,0.9997689723968506,Yahoo Finance
2022-09-11,1.0268889665603638,Yahoo Finance
2022-09-12,0.9996770024299622,Yahoo Finance
2022-09-13,0.9992200136184692,Yahoo Finance
2022-09-14,0.9993900060653687,Yahoo Finance
2022-09-15,0.9994059801101685,Yahoo Finance
2022-09-16,0.9987080097198486,Yahoo Finance
2022-09-17,0.9942989945411682,Yahoo Finance
2022-09-18,0.999176025390625,Yahoo Finance
2022-09-19,0.9994680285453796,Yahoo Finance
2022-09-20,0.9994059801101685,Yahoo Finance
2022-09-21,0.999405026435852,Yahoo Finance
2022-09-22,0.9993389844894409,Yahoo Finance
2022-09-23,0.9993410110473633,Yahoo Finance
2022-09-24,0.9958620071411133,Yahoo Finance
2022-09-25,0.9994040131568909,Yahoo Finance
2022-09-26,0.999845027923584,Yahoo Finance
2022-09-27,0.9988330006599426,Yahoo Finance
2022-09-28,0.9998310208320618,Yahoo Finance
2022-09-29,0.99993497133255,Yahoo Finance
2022-09-30,0.99891597032547,Yahoo Finance
2022-10-01,0.9986140131950378,Yahoo Finance
2022-10-02,0.99891197681427,Yahoo Finance
2022-10-03,0.9999489784240723,Yahoo Finance
2022-10-04,0.9978039860725403,Yahoo Finance
2022-10-05,0.9999840259552002,Yahoo Finance
2022-10-06,0.9990260004997253,Yahoo Finance
2022-10-07,0.9989929795265198,Yahoo Finance
2022-10-08,0.977931022644043,Yahoo Finance
2022-10-09,0.9743890166282654,Yahoo Finance
2022-10-10,0.9988800287246704,Yahoo Finance
2022-10-11,0.9987639784812927,Yahoo Finance
2022-10-12,1.0002429485321045,Yahoo Finance
2022-10-13,1.0004609823226929,Yahoo Finance
2022-10-14,0.9994670152664185,Yahoo Finance
2022-10-15,0.9889190196990967,Yahoo Finance
2022-10-16,1.0004429817199707,Yahoo Finance
2022-10-17,1.0004620552062988,Yahoo Finance
2022-10-18,0.9988790154457092,Yahoo Finance
2022-10-19,0.9994530081748962,Yahoo Finance
2022-10-20,0.9879999756813049,Yahoo Finance
2022-10-21,0.9995070099830627,Yahoo Finance
2022-10-22,1.0119800567626953,Yahoo Finance
2022-10-23,1.0004730224609375,Yahoo Finance
2022-10-24,0.9995970129966736,Yahoo Finance
2022-10-25,0.9996880292892456,Yahoo Finance
2022-10-26,1.0002690553665161,Yahoo Finance
2022-10-27,1.0008670091629028,Yahoo Finance
2022-10-28,0.999871015548706,Yahoo Finance
2022-10-29,0.9992089867591858,Yahoo Finance
2022-10-30,0.9997490048408508,Yahoo Finance
2022-10-31,0.9993330240249634,Yahoo Finance
2022-11-01,0.9984059929847717,Yahoo Finance
2022-11-02,0.999239981174469,Yahoo Finance
2022-11-03,0.9999319911003113,Yahoo Finance
2022-11-04,1.0007870197296143,Yahoo Finance
2022-11-05,0.9996830224990845,Yahoo Finance
2022-11-06,0.9992619752883911,Yahoo Finance
2022-11-07,0.9998660087585449,Yahoo Finance
2022-11-08,1.0001310110092163,Yahoo Finance
2022-11-09,0.9982140064239502,Yahoo Finance
2022-11-10,0.9976609945297241,Yahoo Finance
2022-11-11,0.9994919896125793,Yahoo Finance
2022-11-12,0.9981420040130615,Yahoo Finance
2022-11-13,0.9996579885482788,Yahoo Finance
2022-11-14,0.9980660080909729,Yahoo Finance
2022-11-15,0.9987940192222595,Yahoo Finance
2022-11-16,1.0000619888305664,Yahoo Finance
2022-11-17,0.998803973197937,Yahoo Finance
2022-11-18,1.0000890493392944,Yahoo Finance
2022-11-19,1.0009289979934692,Yahoo Finance
2022-11-20,0.9997339844703674,Yahoo Finance
2022-11-21,0.9998210072517395,Yahoo Finance
2022-11-22,0.9997270107269287,Yahoo Finance
2022-11-23,1.0005220174789429,Yahoo Finance
2022-11-24,1.000560998916626,Yahoo Finance
2022-11-25,1.0007350444793701,Yahoo Finance
2022-11-26,0.9996359944343567,Yahoo Finance
2022-11-27,0.9996179938316345,Yahoo Finance
2022-11-28,0.9997249841690063,Yahoo Finance
2022-11-29,1.0008360147476196,Yahoo Finance
2022-11-30,0.999891996383667,Yahoo Finance
2022-12-01,1.00006902217865,Yahoo Finance
2022-12-02,1.0005040168762207,Yahoo Finance
2022-12-03,0.9999150037765503,Yahoo Finance
2022-12-04,1.000022053718567,Yahoo Finance
2022-12-05,1.000383973121643,Yahoo Finance
2022-12-06,1.0004650354385376,Yahoo Finance
2022-12-07,1.0000230073928833,Yahoo Finance
2022-12-08,1.0000940561294556,Yahoo Finance
2022-12-09,0.9999079704284668,Yahoo Finance
2022-12-10,1.000046968460083,Yahoo Finance
2022-12-11,1.078184962272644,Yahoo Finance
2022-12-12,0.9998589754104614,Yahoo Finance
2022-12-13,0.9998900294303894,Yahoo Finance
2022-12-14,0.9999269843101501,Yahoo Finance
2022-12-15,0.9994360208511353,Yahoo Finance
2022-12-16,0.9992520213127136,Yahoo Finance
2022-12-17,0.9992240071296692,Yahoo Finance
2022-12-18,0.9991899728775024,Yahoo Finance
2022-12-19,0.9991940259933472,Yahoo Finance
2022-12-20,0.9993900060653687,Yahoo Finance
2022-12-21,0.999426007270813,Yahoo Finance
2022-12-22,0.9998689889907837,Yahoo Finance
2022-12-23,0.9995719790458679,Yahoo Finance
2022-12-24,0.9996730089187622,Yahoo Finance
2022-12-25,0.9992790222167969,Yahoo Finance
2022-12-26,0.9997779726982117,Yahoo Finance
2022-12-27,0.9993690252304077,Yahoo Finance
2022-12-28,0.9995139837265015,Yahoo Finance
2022-12-29,0.9993169903755188,Yahoo Finance
2022-12-30,0.9991679787635803,Yahoo Finance
2022-12-31,0.9992799758911133,Yahoo Finance
2023-01-01,0.9975489974021912,Yahoo Finance
2023-01-02,0.9991850256919861,Yahoo Finance
2023-01-03,0.9994509816169739,Yahoo Finance
2023-01-04,0.999422013759613,Yahoo Finance
2023-01-05,0.9993870258331299,Yahoo Finance
2023-01-06,0.9994000196456909,Yahoo Finance
2023-01-07,0.9993789792060852,Yahoo Finance
2023-01-08,0.9993820190429688,Yahoo Finance
2023-01-09,0.9994469881057739,Yahoo Finance
2023-01-10,1.0104440450668335,Yahoo Finance
2023-01-11,0.9994080066680908,Yahoo Finance
2023-01-12,0.9993389844894409,Yahoo Finance
2023-01-13,0.9993060231208801,Yahoo Finance
2023-01-14,0.9996529817581177,Yahoo Finance
2023-01-15,0.9991369843482971,Yahoo Finance
2023-01-16,0.9991199970245361,Yahoo Finance
2023-01-17,0.9991229772567749,Yahoo Finance
2023-01-18,0.9990180134773254,Yahoo Finance
2023-01-19,0.9992409944534302,Yahoo Finance
2023-01-20,0.9993399977684021,Yahoo Finance
2023-01-21,0.9993789792060852,Yahoo Finance
2023-01-22,0.9990479946136475,Yahoo Finance
2023-01-23,1.043956995010376,Yahoo Finance
2023-01-24,0.9869269728660583,Yahoo Finance
2023-01-25,1.0232770442962646,Yahoo Finance
2023-01-26,0.9948760271072388,Yahoo Finance
2023-01-27,1.0046190023422241,Yahoo Finance
2023-01-28,0.9919610023498535,Yahoo Finance
2023-01-29,1.0100239515304565,Yahoo Finance
2023-01-30,0.9996299743652344,Yahoo Finance
2023-01-31,1.0064740180969238,Yahoo Finance
2023-02-01,1.0000439882278442,Yahoo Finance
2023-02-02,1.0001579523086548,Yahoo Finance
2023-02-03,0.9989349842071533,Yahoo Finance
2023-02-04,1.000229001045227,Yahoo Finance
2023-02-05,0.9988809823989868,Yahoo Finance
2023-02-06,0.9988830089569092,Yahoo Finance
2023-02-07,0.9999970197677612,Yahoo Finance
2023-02-08,1.001947045326233,Yahoo Finance
2023-02-09,0.99897700548172,Yahoo Finance
2023-02-10,0.9999030232429504,Yahoo Finance
2023-02-11,0.9969720244407654,Yahoo Finance
2023-02-12,11.043782234191895,Yahoo Finance
2023-02-13,0.999530017375946,Yahoo Finance
2023-02-14,1.000641942024231,Yahoo Finance
2023-02-15,1.0006730556488037,Yahoo Finance
2023-02-16,0.9996989965438843,Yahoo Finance
2023-02-17,1.0007530450820923,Yahoo Finance
2023-02-18,0.9995830059051514,Yahoo Finance
2023-02-19,0.9991000294685364,Yahoo Finance
2023-02-20,1.0007909536361694,Yahoo Finance
2023-02-21,0.999468982219696,Yahoo Finance
2023-02-22,0.9997040033340454,Yahoo Finance
2023-02-23,0.9997320175170898,Yahoo Finance
2023-02-24,0.9999240040779114,Yahoo Finance
2023-02-25,1.0002249479293823,Yahoo Finance
2023-02-26,1.0008560419082642,Yahoo Finance
2023-02-27,1.0000849962234497,Yahoo Finance
2023-02-28,0.9996910095214844,Yahoo Finance
2023-03-01,1.0177170038223267,Yahoo Finance
2023-03-02,1.0175869464874268,Yahoo Finance
2023-03-03,0.9768440127372742,Yahoo Finance
2023-03-04,0.9768739938735962,Yahoo Finance
2023-03-05,0.9768739938735962,Yahoo Finance
2023-03-06,0.9768739938735962,Yahoo Finance
2023-03-07,0.9768739938735962,Yahoo Finance
2023-03-08,0.9900270104408264,Yahoo Finance
2023-03-09,1.0040030479431152,Yahoo Finance
2023-03-10,1.0223829746246338,Yahoo Finance
2023-03-11,0.9743959903717041,Yahoo Finance
2023-03-12,1.0147290229797363,Yahoo Finance
2023-03-13,1.0080599784851074,Yahoo Finance
2023-03-14,0.9823660254478455,Yahoo Finance
2023-03-15,1.0054069757461548,Yahoo Finance
2023-03-16,1.0105249881744385,Yahoo Finance
2023-03-17,1.0360419750213623,Yahoo Finance
2023-03-18,1.0511579513549805,Yahoo Finance
2023-03-19,1.0012370347976685,Yahoo Finance
2023-03-20,0.9876629710197449,Yahoo Finance
2023-03-21,1.003335952758789,Yahoo Finance
2023-03-22,0.9952399730682373,Yahoo Finance
2023-03-23,1.013975977897644,Yahoo Finance
2023-03-24,0.9796860218048096,Yahoo Finance
2023-03-25,0.9975029826164246,Yahoo Finance
2023-03-26,1.0121749639511108,Yahoo Finance
2023-03-27,0.9878360033035278,Yahoo Finance
2023-03-28,1.014356017112732,Yahoo Finance
2023-03-29,1.0025010108947754,Yahoo Finance
2023-03-30,1.0025010108947754,Yahoo Finance
2023-03-31,1.0025010108947754,Yahoo Finance
2023-04-01,0.9921590089797974,Yahoo Finance
2023-04-02,0.9903090000152588,Yahoo Finance
2023-04-03,0.9973090291023254,Yahoo Finance
2023-04-04,1.0259050130844116,Yahoo Finance
2023-04-05,1.0250200033187866,Yahoo Finance
2023-04-06,1.0250200033187866,Yahoo Finance
2023-04-07,1.0250200033187866,Yahoo Finance
2023-04-08,1.0250200033187866,Yahoo Finance
2023-04-09,1.0250200033187866,Yahoo Finance
2023-04-10,1.0250200033187866,Yahoo Finance
2023-04-11,1.0250200033187866,Yahoo Finance
2024-09-24,1.0163450069307713,CoinGecko
2024-09-25,1.0163450069307713,CoinGecko
2024-09-27,1.0395497116377295,CoinGecko
2024-09-28,1.0388097558997438,CoinGecko
2024-09-29,1.0399720425194108,CoinGecko
2024-09-30,1.0376134424231593,CoinGecko
2024-10-01,0.9983897529678641,CoinGecko
2024-10-02,0.9627204907618813,CoinGecko
2024-10-03,0.9581864031226522,CoinGecko
2024-10-04,0.9607686021591406,CoinGecko
2024-10-05,0.9810835693821328,CoinGecko
2024-10-06,0.9808783361039822,CoinGecko
2024-10-07,0.9928115713507708,CoinGecko
2024-10-08,0.9836534253183844,CoinGecko
2024-10-09,0.9834040694774336,CoinGecko
2024-10-10,0.9610186166707857,CoinGecko
2024-10-11,1.0028767551635536,CoinGecko
2024-10-12,1.0012605888532957,CoinGecko
2024-10-13,0.9961946408865486,CoinGecko
2024-10-14,0.994597557097765,CoinGecko
2024-10-15,1.0234609726699129,CoinGecko
2024-10-16,0.998317003113219,CoinGecko
2024-10-17,1.0058624063034327,CoinGecko
2024-10-18,0.9994251149011942,CoinGecko
2024-10-19,0.9987591146317718,CoinGecko
2024-10-20,0.9965629027099399,CoinGecko
2024-10-21,1.0097380444979427,CoinGecko
2024-10-22,0.99501665834215,CoinGecko
2024-10-23,1.0014702101320796,CoinGecko
2024-10-24,0.9952745879464967,CoinGecko
2024-10-25,1.0066690504917706,CoinGecko
2024-10-26,1.0048657378005041,CoinGecko
2024-10-27,0.9956510659548639,CoinGecko
2024-10-28,0.9989191084229835,CoinGecko
2024-10-29,1.0265253798996417,CoinGecko
2024-10-30,0.9972615489094417,CoinGecko
2024-10-31,1.0010997268586768,CoinGecko
2024-11-01,0.994140881515335,CoinGecko
2024-11-02,1.0007975957006865,CoinGecko
2024-11-03,1.0002640242541319,CoinGecko
2024-11-04,0.9999602386593729,CoinGecko
2024-11-05,0.9993038644462354,CoinGecko
2024-11-06,0.9946311241688471,CoinGecko
2024-11-07,0.9999938127894555,CoinGecko
2024-11-08,1.0009298499100212,CoinGecko
2024-11-09,0.9949008048038201,CoinGecko
2024-11-10,0.9981409408310928,CoinGecko
2024-11-11,1.0033583620054307,CoinGecko
2024-11-12,0.9963357855173594,CoinGecko
2024-11-13,0.9993510710757126,CoinGecko
2024-11-14,1.0013271994775286,CoinGecko
2024-11-15,0.9989856759318999,CoinGecko
2024-11-16,0.9945621155170092,CoinGecko
2024-11-17,0.9961957574107925,CoinGecko
2024-11-18,0.9827688319795342,CoinGecko
2024-11-19,0.9958832611585836,CoinGecko
2024-11-20,0.9980044190586719,CoinGecko
2024-11-21,1.0018080830994318,CoinGecko
2024-11-22,0.9981253140684805,CoinGecko
2024-11-23,0.9918244114938829,CoinGecko
2024-11-24,0.9999238727472742,CoinGecko
2024-11-25,0.9992000167569391,CoinGecko
2024-11-26,0.998810635862624,CoinGecko
2024-11-27,1.0007160202363417,CoinGecko
2024-11-28,0.9990956889604085,CoinGecko
2024-11-29,1.0005187354879381,CoinGecko
2024-11-30,1.0005635952163876,CoinGecko
2024-12-01,1.0003194602976113,CoinGecko
2024-12-02,0.9979478352120739,CoinGecko
2024-12-03,0.9971589991488333,CoinGecko
2024-12-04,1.0009608667150793,CoinGecko
2024-12-05,0.9999236670072146,CoinGecko
2024-12-06,1.0020390931173677,CoinGecko
2024-12-07,0.9999733903267123,CoinGecko
2024-12-08,0.9973459853117205,CoinGecko
2024-12-09,1.0007899141159255,CoinGecko
2024-12-10,0.9991657188000836,CoinGecko
2024-12-11,0.9992764006377545,CoinGecko
2024-12-12,0.996007160400031,CoinGecko
2024-12-13,1.0003358193080383,CoinGecko
2024-12-14,0.9998614355920098,CoinGecko
2024-12-15,0.9999136344847757,CoinGecko
2024-12-16,0.9991927272266186,CoinGecko
2024-12-17,0.9996662336131773,CoinGecko
2024-12-18,1.0005050852387005,CoinGecko
2024-12-19,1.0012516939591505,CoinGecko
2024-12-20,0.9994828936239262,CoinGecko
2024-12-21,1.0009231451593352,CoinGecko
2024-12-22,0.9985277079413684,CoinGecko
2024-12-23,0.9993245236335544,CoinGecko
2024-12-24,0.9974663033265524,CoinGecko
2024-12-25,1.0010719914223187,CoinGecko
2024-12-26,1.0027500873161268,CoinGecko
2024-12-27,0.9988885463999116,CoinGecko
2024-12-28,1.0001110513747429,CoinGecko
2024-12-29,0.9984186631595126,CoinGecko
2024-12-30,1.000633448472248,CoinGecko
2024-12-31,1.0007876037791181,CoinGecko
2025-01-01,1.0005535408204635,CoinGecko
2025-01-02,1.0006139647666972,CoinGecko
2025-01-03,1.0002385455400646,CoinGecko
2025-01-04,0.9995838656374516,CoinGecko
2025-01-05,1.0000321362498794,CoinGecko
2025-01-06,1.0000730676101355,CoinGecko
2025-01-07,0.9999003563767044,CoinGecko
2025-01-08,0.9994240005995672,CoinGecko
2025-01-09,0.9986400744025234,CoinGecko
2025-01-10,0.9992098627512171,CoinGecko
2025-01-11,0.9981913940565967,CoinGecko
2025-01-12,0.9992405175601611,CoinGecko
2025-01-13,1.0009213462805318,CoinGecko
2025-01-14,1.0014246801488882,CoinGecko
2025-01-15,0.9986333473497081,CoinGecko
2025-01-16,0.9998346091175115,CoinGecko
2025-01-17,1.0007954041256963,CoinGecko
2025-01-18,1.0009113436731285,CoinGecko
2025-01-19,1.0013207419497232,CoinGecko
2025-01-20,1.0039064587678883,CoinGecko
2025-01-21,0.9983091719609394,CoinGecko
2025-01-22,1.0015147017445871,CoinGecko
2025-01-23,1.0000737043802437,CoinGecko
2025-01-24,0.9983452918742883,CoinGecko
2025-01-25,1.0002794191734246,CoinGecko
2025-01-26,0.9997706732659215,CoinGecko
2025-01-27,0.9976761062009888,CoinGecko
2025-01-28,1.0009363159473863,CoinGecko
2025-01-29,1.002304130908907,CoinGecko
2025-01-30,0.999024828929214,CoinGecko
2025-01-31,1.0004076537015483,CoinGecko
2025-02-01,1.0027691181866618,CoinGecko
2025-02-02,1.0008638559991252,CoinGecko
2025-02-03,1.000362441863617,CoinGecko
2025-02-04,0.9992544930615479,CoinGecko
2025-02-05,1.0013729238057016,CoinGecko
2025-02-06,1.0001671791744153,CoinGecko
2025-02-07,0.9998818261070329,CoinGecko
2025-02-08,0.9989554271162989,CoinGecko
2025-02-09,0.9998067356198108,CoinGecko
2025-02-10,1.0028496929717012,CoinGecko
2025-02-11,1.0003963165062042,CoinGecko
2025-02-12,0.9995862453407502,CoinGecko
2025-02-13,1.0002772996158005,CoinGecko
2025-02-14,0.9999058118054834,CoinGecko
2025-02-15,1.0001743065159672,CoinGecko
2025-02-16,0.999641411644704,CoinGecko
2025-02-17,1.0003812279744653,CoinGecko
2025-02-18,1.0003334041179843,CoinGecko
2025-02-19,0.9997290257225051,CoinGecko
2025-02-20,0.9991779326468593,CoinGecko
2025-02-21,1.000900652972504,CoinGecko
2025-02-22,0.9999495351154084,CoinGecko
2025-02-23,1.0000936006712673,CoinGecko
2025-02-24,1.0002734395428967,CoinGecko
2025-02-25,0.9984171646462252,CoinGecko
2025-02-26,1.0001457851782507,CoinGecko
2025-02-27,0.9998691650271151,CoinGecko
2025-02-28,0.9995036237558484,CoinGecko
